{"train_loss": [1.074053406715393, 0.8442962765693665, 0.7896797060966492, 0.7561332583427429, 0.7324464321136475, 0.7196778655052185, 0.6995252966880798, 0.6888449192047119, 0.6736088991165161, 0.6625006198883057, 0.6502711176872253, 0.6370689868927002, 0.6310708522796631, 0.6147148609161377, 0.6056899428367615, 0.5993431210517883, 0.5829730033874512, 0.9454038739204407, 0.7975203394889832, 0.7452643513679504, 0.7105573415756226, 0.6846928000450134], "val_loss": [0.8615272641181946, 0.8048200011253357, 0.7797811627388, 0.7651054859161377, 0.7546353936195374, 0.7489568591117859, 0.7500460743904114, 0.7417594194412231, 0.740655779838562, 0.7417351007461548, 0.7370688319206238, 0.7342206835746765, 0.7350673675537109, 0.7395932078361511, 0.7345438003540039, 0.749697744846344, 0.7379992604255676, 0.738413393497467, 0.737754225730896, 0.7457299828529358, 0.7483838796615601, 0.7525249719619751], "train_acc": [0.4749999940395355, 0.5497142672538757, 0.5788571238517761, 0.6050000190734863, 0.6205714344978333, 0.62028568983078, 0.6462857127189636, 0.6437143087387085, 0.6598571538925171, 0.6722857356071472, 0.678428590297699, 0.6919999718666077, 0.6942856907844543, 0.7084285616874695, 0.7188571691513062, 0.7248571515083313, 0.7412857413291931, 0.5512857437133789, 0.5997142791748047, 0.6265714168548584, 0.6492857336997986, 0.6727142930030823], "val_acc": [0.5416666865348816, 0.5529999732971191, 0.5669999718666077, 0.5619999766349792, 0.5609999895095825, 0.5619999766349792, 0.5690000057220459, 0.5693333148956299, 0.5740000009536743, 0.5746666789054871, 0.5713333487510681, 0.5876666903495789, 0.5823333263397217, 0.5823333263397217, 0.5806666612625122, 0.5666666626930237, 0.5893333554267883, 0.5816666483879089, 0.5883333086967468, 0.5856666564941406, 0.5793333053588867, 0.5803333520889282], "cm_data": [[398, 246, 87, 1], [310, 357, 100, 2], [262, 242, 251, 3], [2, 0, 0, 739]], "per_class_acc": [0.5437158469945356, 0.46423927178153446, 0.3311345646437995, 0.9973009446693657]}